id,username,acct,display_name,locked,bot,discoverable,group,created_at,note,url,avatar,avatar_static,header,header_static,followers_count,following_count,statuses_count,last_status_at,fields,emojis
112015337403356949,bib0veille,bib0veille,Bib,FALSE,FALSE,TRUE,FALSE,2024-02-29T00:00:00Z,<p>Compte partag√© de biblioth√©caires pour faire de la veille m√©tier. Toute activit√© de ce compte est soit le r√©sultat d&#39;une d√©cision commune soit une initiative individuelle qui ne respecte pas la r√®gle de tout faire apr√®s d√©lib√©ration commune. Mais on laisse car personne ici ne suit cette r√®gle √©labor√©e en commun. On s&#39;int√©resse √† tout notamment aux trucs sur le libre et les communs car les biblioth√®ques font partie de ces champs. C&#39;est ce qu&#39;on pense.</p>,https://mastodon.social/@bib0veille,https://files.mastodon.social/accounts/avatars/112/015/337/403/356/949/original/790caafde3fafb22.jpg,https://files.mastodon.social/accounts/avatars/112/015/337/403/356/949/original/790caafde3fafb22.jpg,https://files.mastodon.social/accounts/headers/112/015/337/403/356/949/original/ff9302f39f7f3d5b.jpg,https://files.mastodon.social/accounts/headers/112/015/337/403/356/949/original/ff9302f39f7f3d5b.jpg,4,163,4,NA,list(),list()
113827663477898437,velchanos.bsky.social,velchanos.bsky.social@bsky.brid.gy,Velchanos,FALSE,FALSE,TRUE,FALSE,2024-11-13T00:00:00Z,"Diversity breeds Innovation; Innovation breeds Creativity; Creativity breeds Solutions.<br><br>[<a href=""https://fed.brid.gy/bsky/velchanos.bsky.social"" rel=""nofollow noopener"" target=""_blank"">bridged</a> from <a href=""https://bsky.app/profile/velchanos.bsky.social"" rel=""nofollow noopener"" target=""_blank"">velchanos.bsky.social</a> on Bluesky by <a href=""https://fed.brid.gy/"" rel=""nofollow noopener"" target=""_blank"">Bridgy Fed</a>]",https://bsky.brid.gy/r/https://bsky.app/profile/velchanos.bsky.social,https://files.mastodon.social/cache/accounts/avatars/113/827/663/477/898/437/original/08a4e8757ef84955.jpeg,https://files.mastodon.social/cache/accounts/avatars/113/827/663/477/898/437/original/08a4e8757ef84955.jpeg,https://files.mastodon.social/cache/accounts/headers/113/827/663/477/898/437/original/c0c812d79972a25e.jpeg,https://files.mastodon.social/cache/accounts/headers/113/827/663/477/898/437/original/c0c812d79972a25e.jpeg,0,11,0,NA,"list(name = ""Web site"", value = ""<a rel=\""nofollow noopener\"" href=\""https://bsky.app/profile/velchanos.bsky.social\"" target=\""_blank\""><span class=\""invisible\"">https://</span>bsky.app/profile/velchanos.bsky.social</a>"")",list()
110785934159354618,OpenSci_Pasteur,OpenSci_Pasteur@sciences.re,Open Science Pasteur,FALSE,FALSE,TRUE,FALSE,2023-07-27T00:00:00Z,"<p>Fil d'actualit√© du Centre de Ressources en Information Scientifique (CeRIS) de l'Institut Pasteur.<br><a href=""https://social.sciences.re/tags/InformationScientifiqueTechnique"" class=""mention hashtag"" rel=""nofollow noopener"" target=""_blank"">#<span>InformationScientifiqueTechnique</span></a>, <a href=""https://social.sciences.re/tags/ScienceOuverte"" class=""mention hashtag"" rel=""nofollow noopener"" target=""_blank"">#<span>ScienceOuverte</span></a>, <a href=""https://social.sciences.re/tags/OpenScience"" class=""mention hashtag"" rel=""nofollow noopener"" target=""_blank"">#<span>OpenScience</span></a>, <a href=""https://social.sciences.re/tags/EditionScientifique"" class=""mention hashtag"" rel=""nofollow noopener"" target=""_blank"">#<span>EditionScientifique</span></a>, <a href=""https://social.sciences.re/tags/OpenAccess"" class=""mention hashtag"" rel=""nofollow noopener"" target=""_blank"">#<span>OpenAccess</span></a>, gestion et partage des <a href=""https://social.sciences.re/tags/Donn%C3%A9esDeRecherche"" class=""mention hashtag"" rel=""nofollow noopener"" target=""_blank"">#<span>Donn√©esDeRecherche</span></a>, <a href=""https://social.sciences.re/tags/EvaluationScientifique"" class=""mention hashtag"" rel=""nofollow noopener"" target=""_blank"">#<span>EvaluationScientifique</span></a></p>",https://social.sciences.re/@OpenSci_Pasteur,https://files.mastodon.social/cache/accounts/avatars/110/785/934/159/354/618/original/ab221f238b1f90c1.jpg,https://files.mastodon.social/cache/accounts/avatars/110/785/934/159/354/618/original/ab221f238b1f90c1.jpg,https://files.mastodon.social/cache/accounts/headers/110/785/934/159/354/618/original/bd47a0123e1dda7d.png,https://files.mastodon.social/cache/accounts/headers/110/785/934/159/354/618/original/bd47a0123e1dda7d.png,225,249,203,NA,"list(name = ""Blog"", value = ""<a href=\""https://openscience.pasteur.fr/\"" rel=\""nofollow noopener\"" translate=\""no\"" target=\""_blank\""><span class=\""invisible\"">https://</span><span class=\""\"">openscience.pasteur.fr/</span><span class=\""invisible\""></span></a>"")",list()
113077327128195312,sebbaz,sebbaz@toot.aquilenet.fr,Sebbaz,FALSE,FALSE,TRUE,FALSE,2024-04-22T00:00:00Z,"<p>Trucs informatiques √† l'ouest en r√©gion centre (<a href=""https://toot.aquilenet.fr/tags/tours"" class=""mention hashtag"" rel=""nofollow noopener"" target=""_blank"">#<span>tours</span></a>) en restant proches de libert√©s publiques, dans la mouvance des logiciel libres et communs num√©riques.</p><p>Travaille et b√©n√©vole en d√©veloppement et int√©gration logicielle, administration syst√®me, services num√©riques et r√©seaux de t√©l√©communication.</p><p>compte migr√© depuis sebbaz@pouet.panglossoft.fr</p><p>B√©n√©vole investi dans :</p><p>* <span class=""h-card"" translate=""no""><a href=""https://mastodon.xyz/@federationfdn"" class=""u-url mention"" rel=""nofollow noopener"" target=""_blank"">@<span>federationfdn</span></a></span><br>* <span class=""h-card"" translate=""no""><a href=""https://mastodon.tetaneutral.net/@tdn"" class=""u-url mention"" rel=""nofollow noopener"" target=""_blank"">@<span>tdn</span></a></span></p>",https://toot.aquilenet.fr/@sebbaz,https://files.mastodon.social/cache/accounts/avatars/113/077/327/128/195/312/original/9a6416a71f0036b8.png,https://files.mastodon.social/cache/accounts/avatars/113/077/327/128/195/312/original/9a6416a71f0036b8.png,https://files.mastodon.social/cache/accounts/headers/113/077/327/128/195/312/original/3ba1ceec20c1618d.png,https://files.mastodon.social/cache/accounts/headers/113/077/327/128/195/312/original/3ba1ceec20c1618d.png,34,227,281,NA,"list(name = c(""Git FFDN"", ""Framagit"", ""Sujets""), value = c(""<a href=\""https://code.ffdn.org/Sebbaz\"" rel=\""nofollow noopener\"" translate=\""no\"" target=\""_blank\""><span class=\""invisible\"">https://</span><span class=\""\"">code.ffdn.org/Sebbaz</span><span class=\""invisible\""></span></a>"", ""<a href=\""https://framagit.org/Sebbaz\"" rel=\""nofollow noopener\"" translate=\""no\"" target=\""_blank\""><span class=\""invisible\"">https://</span><span class=\""\"">framagit.org/Sebbaz</span><span class=\""invisible\""></span></a>"", 
""<a href=\""https://toot.aquilenet.fr/tags/numerique\"" class=\""mention hashtag\"" rel=\""nofollow noopener\"" target=\""_blank\"">#<span>numerique</span></a> <a href=\""https://toot.aquilenet.fr/tags/libre\"" class=\""mention hashtag\"" rel=\""nofollow noopener\"" target=\""_blank\"">#<span>libre</span></a> <a href=\""https://toot.aquilenet.fr/tags/code\"" class=\""mention hashtag\"" rel=\""nofollow noopener\"" target=\""_blank\"">#<span>code</span></a> <a href=\""https://toot.aquilenet.fr/tags/telecom\"" class=\""mention hashtag\"" rel=\""nofollow noopener\"" target=\""_blank\"">#<span>telecom</span></a> <a href=\""https://toot.aquilenet.fr/tags/linux\"" class=\""mention hashtag\"" rel=\""nofollow noopener\"" target=\""_blank\"">#<span>linux</span></a> <a href=\""https://toot.aquilenet.fr/tags/touraine\"" class=\""mention hashtag\"" rel=\""nofollow noopener\"" target=\""_blank\"">#<span>touraine</span></a> <a href=\""https://toot.aquilenet.fr/tags/sciences\"" class=\""mention hashtag\"" rel=\""nofollow noopener\"" target=\""_blank\"">#<span>sciences</span></a>""
))",list()
113825752672180048,VOuverte,VOuverte,Veille Science Ouverte,FALSE,FALSE,TRUE,FALSE,2025-01-14T00:00:00Z,,https://mastodon.social/@VOuverte,https://mastodon.social/avatars/original/missing.png,https://mastodon.social/avatars/original/missing.png,https://mastodon.social/headers/original/missing.png,https://mastodon.social/headers/original/missing.png,3,9,1,NA,list(),list()
109252499049547760,dzc34,dzc34,Fabrice Gangler,FALSE,FALSE,TRUE,FALSE,2022-10-29T00:00:00Z,"<p>timeline orient√©e veille tech. : logiciel libre, <a href=""https://mastodon.social/tags/WebPerfs"" class=""mention hashtag"" rel=""tag"">#<span>WebPerfs</span></a>, <a href=""https://mastodon.social/tags/a11y"" class=""mention hashtag"" rel=""tag"">#<span>a11y</span></a> (accessibilit√©), UX, <a href=""https://mastodon.social/tags/Cybers%C3%A9curit%C3%A9"" class=""mention hashtag"" rel=""tag"">#<span>Cybers√©curit√©</span></a> et parfois plus ! Contributeur <a href=""https://mastodon.social/tags/Asqatasun"" class=""mention hashtag"" rel=""tag"">#<span>Asqatasun</span></a></p>",https://mastodon.social/@dzc34,https://files.mastodon.social/accounts/avatars/109/252/499/049/547/760/original/e559d63876953a9a.jpg,https://files.mastodon.social/accounts/avatars/109/252/499/049/547/760/original/e559d63876953a9a.jpg,https://files.mastodon.social/accounts/headers/109/252/499/049/547/760/original/c4ade609949fde01.jpeg,https://files.mastodon.social/accounts/headers/109/252/499/049/547/760/original/c4ade609949fde01.jpeg,45,229,340,NA,"list(name = c(""Asqatasun"", ""Contrast-Finder"", ""Gitlab"", ""Github""), value = c(""<a href=\""https://asqatasun.org\"" target=\""_blank\"" rel=\""nofollow noopener me\"" translate=\""no\""><span class=\""invisible\"">https://</span><span class=\""\"">asqatasun.org</span><span class=\""invisible\""></span></a>"", ""<a href=\""https://app.contrast-finder.org\"" target=\""_blank\"" rel=\""nofollow noopener me\"" translate=\""no\""><span class=\""invisible\"">https://</span><span class=\""\"">app.contrast-finder.org</span><span class=\""invisible\""></span></a>"", 
""<a href=\""https://gitlab.com/dzc34\"" target=\""_blank\"" rel=\""nofollow noopener me\"" translate=\""no\""><span class=\""invisible\"">https://</span><span class=\""\"">gitlab.com/dzc34</span><span class=\""invisible\""></span></a>"", ""<a href=\""https://github.com/dzc34\"" target=\""_blank\"" rel=\""nofollow noopener me\"" translate=\""no\""><span class=\""invisible\"">https://</span><span class=\""\"">github.com/dzc34</span><span class=\""invisible\""></span></a>""))",list()
109301990105640052,roturier,roturier@mastodon.partipirate.org,Roturier ‚èö,TRUE,FALSE,TRUE,FALSE,2022-11-07T00:00:00Z,"<p>Daron libre penseur, n√© en Franche-Comt√© (Vosges sa√¥noises) et r√©side en Lorraine (Bassin mussipontain) comme citoyen du mondeüåé.<br>Libertaire, libriste, lib√©riste, antilib√©rale, anticapitaliste, agnostique et adepte des accords Tolt√®ques en sociocratie CONTRE LES DOMINATIONS pour que la libert√©, l'√©galit√© et la fraternit√© (l'adelphit√©) ne soient pas qu'une devise!<br>Parfois observateur incr√©dule du fait social mais toujours impliqu√© pour le bien commun, vaste progr‚í∂mme...üòäYÃä</p>",https://mastodon.partipirate.org/@roturier,https://files.mastodon.social/cache/accounts/avatars/109/301/990/105/640/052/original/69312d316a684509.jpg,https://files.mastodon.social/cache/accounts/avatars/109/301/990/105/640/052/original/69312d316a684509.jpg,https://files.mastodon.social/cache/accounts/headers/109/301/990/105/640/052/original/fc182827ab1f84a2.png,https://files.mastodon.social/cache/accounts/headers/109/301/990/105/640/052/original/fc182827ab1f84a2.png,726,2906,11526,NA,list(),list()
109257870290883574,Thcoudreau,Thcoudreau,Thomas Coudreau,FALSE,FALSE,TRUE,FALSE,2022-10-30T00:00:00Z,"<p>Physicien d√©froqu√©. Je parle de recherche, d&#39;innovation, de formation, d&#39;universit√©s.<br />Defrocked physicist. I talk about research, innovation, education, universities.<br />Compte perso/Personal account</p>",https://mastodon.social/@Thcoudreau,https://files.mastodon.social/accounts/avatars/109/257/870/290/883/574/original/00580094d937ddd9.jpg,https://files.mastodon.social/accounts/avatars/109/257/870/290/883/574/original/00580094d937ddd9.jpg,https://mastodon.social/headers/original/missing.png,https://mastodon.social/headers/original/missing.png,337,698,9,NA,list(),list()
113595094727508170,ENSdeLyon,ENSdeLyon,,FALSE,FALSE,NA,FALSE,2024-12-04T00:00:00Z,,https://mastodon.social/@ENSdeLyon,https://files.mastodon.social/accounts/avatars/113/595/094/727/508/170/original/ff9e13f186d92d02.jpg,https://files.mastodon.social/accounts/avatars/113/595/094/727/508/170/original/ff9e13f186d92d02.jpg,https://files.mastodon.social/accounts/headers/113/595/094/727/508/170/original/dac96c5930cb45be.jpg,https://files.mastodon.social/accounts/headers/113/595/094/727/508/170/original/dac96c5930cb45be.jpg,8,58,1,NA,list(),list()
111427737683446727,stephanegrangier,stephanegrangier,St√©phane Grangier,FALSE,FALSE,TRUE,FALSE,2023-11-17T00:00:00Z,"<p>Auteur chez @EditionsGoater et autres  <a href=""https://mastodon.social/tags/Litterature"" class=""mention hashtag"" rel=""tag"">#<span>Litterature</span></a> <a href=""https://mastodon.social/tags/polar"" class=""mention hashtag"" rel=""tag"">#<span>polar</span></a> <a href=""https://mastodon.social/tags/RomanNoir"" class=""mention hashtag"" rel=""tag"">#<span>RomanNoir</span></a> <a href=""https://mastodon.social/tags/publications"" class=""mention hashtag"" rel=""tag"">#<span>publications</span></a> <a href=""https://mastodon.social/tags/enprojet"" class=""mention hashtag"" rel=""tag"">#<span>enprojet</span></a>. Vise les ateliers d&#39;√©criture √† la prochaine lib√©ration üåæ<br /><a href=""https://mastodon.social/tags/socialclub"" class=""mention hashtag"" rel=""tag"">#<span>socialclub</span></a></p>",https://mastodon.social/@stephanegrangier,https://files.mastodon.social/accounts/avatars/111/427/737/683/446/727/original/72f464d4946ad8ca.jpg,https://files.mastodon.social/accounts/avatars/111/427/737/683/446/727/original/72f464d4946ad8ca.jpg,https://files.mastodon.social/accounts/headers/111/427/737/683/446/727/original/8b81db005bffa7a9.jpg,https://files.mastodon.social/accounts/headers/111/427/737/683/446/727/original/8b81db005bffa7a9.jpg,47,194,63,NA,"list(name = c(""Site"", ""Le tout""), value = c(""<a href=\""https://stphanegrangier.blogspot.com/\"" target=\""_blank\"" rel=\""nofollow noopener me\"" translate=\""no\""><span class=\""invisible\"">https://</span><span class=\""\"">stphanegrangier.blogspot.com/</span><span class=\""invisible\""></span></a>"", ""<a href=\""https://beacons.ai/stephanegrangier\"" target=\""_blank\"" rel=\""nofollow noopener me\"" translate=\""no\""><span class=\""invisible\"">https://</span><span class=\""\"">beacons.ai/stephanegrangier</span><span class=\""invisible\""></span></a>""
))",list()
107735284469541210,nic,nic@geno.social,Nicole Wolf,FALSE,FALSE,TRUE,FALSE,2021-06-25T00:00:00Z,"<p>Nachhaltige Digitale L√∂sungen | <a href=""https://geno.social/tags/SustainableDigitalAge"" class=""mention hashtag"" rel=""nofollow noopener"" target=""_blank"">#<span>SustainableDigitalAge</span></a> | M.phil | bin am liebsten drau√üen | liebe die Stille und den Klang der Natur | knipse aus der H√ºfte | lerne nie aus</p>",https://geno.social/@nic,https://files.mastodon.social/cache/accounts/avatars/107/735/284/469/541/210/original/0fff9837905fa66b.jpeg,https://files.mastodon.social/cache/accounts/avatars/107/735/284/469/541/210/original/0fff9837905fa66b.jpeg,https://files.mastodon.social/cache/accounts/headers/107/735/284/469/541/210/original/08fad2c97e92e816.jpeg,https://files.mastodon.social/cache/accounts/headers/107/735/284/469/541/210/original/08fad2c97e92e816.jpeg,273,793,3772,NA,"list(name = c(""Beratung & Strategie"", ""Speakerin"", ""mein Profil"", ""Netzwerk Solawi""), value = c(""<a href=\""https://gute-seiten.org/nicole-wolf/\"" rel=\""nofollow noopener\"" translate=\""no\"" target=\""_blank\""><span class=\""invisible\"">https://</span><span class=\""\"">gute-seiten.org/nicole-wolf/</span><span class=\""invisible\""></span></a>"", ""<a href=\""https://speakerinnen.org/de/profiles/nicole-wolf\"" rel=\""nofollow noopener\"" translate=\""no\"" target=\""_blank\""><span class=\""invisible\"">https://</span><span class=\""ellipsis\"">speakerinnen.org/de/profiles/n</span><span class=\""invisible\"">icole-wolf</span></a>"", 
""<a href=\""https://www.linkedin.com/in/nicole-wolf-ma/\"" rel=\""nofollow noopener\"" translate=\""no\"" target=\""_blank\""><span class=\""invisible\"">https://www.</span><span class=\""ellipsis\"">linkedin.com/in/nicole-wolf-ma</span><span class=\""invisible\"">/</span></a>"", ""<a href=\""https://www.solidarische-landwirtschaft.org/solawis-aufbauen/it-infrastruktur/nachhaltigkeit\"" rel=\""nofollow noopener\"" translate=\""no\"" target=\""_blank\""><span class=\""invisible\"">https://www.</span><span class=\""ellipsis\"">solidarische-landwirtschaft.or</span><span class=\""invisible\"">g/solawis-aufbauen/it-infrastruktur/nachhaltigkeit</span></a>""
))",list()
109523305120786627,dmathelier,dmathelier@sciences.re,Daphn√© Mathelier,FALSE,FALSE,FALSE,FALSE,2022-12-16T00:00:00Z,"<p>CELLF (UMR 8599 ‚Äì Centre d‚Äô√©tude de la langue et des litt√©ratures fran√ßaises)<br>Charg√©e d‚Äô√©dition de corpus num√©riques / √âditrice scientifique CNRS</p><p><a href=""https://social.sciences.re/tags/ecriturescientifique"" class=""mention hashtag"" rel=""nofollow noopener"" target=""_blank"">#<span>ecriturescientifique</span></a> <a href=""https://social.sciences.re/tags/editionnumerique"" class=""mention hashtag"" rel=""nofollow noopener"" target=""_blank"">#<span>editionnumerique</span></a><br><a href=""https://social.sciences.re/tags/humanitesnumeriques"" class=""mention hashtag"" rel=""nofollow noopener"" target=""_blank"">#<span>humanitesnumeriques</span></a> <a href=""https://social.sciences.re/tags/digitalhumanities"" class=""mention hashtag"" rel=""nofollow noopener"" target=""_blank"">#<span>digitalhumanities</span></a> <a href=""https://social.sciences.re/tags/DH"" class=""mention hashtag"" rel=""nofollow noopener"" target=""_blank"">#<span>DH</span></a><br><a href=""https://social.sciences.re/tags/lowtech"" class=""mention hashtag"" rel=""nofollow noopener"" target=""_blank"">#<span>lowtech</span></a> <a href=""https://social.sciences.re/tags/ecologienumerique"" class=""mention hashtag"" rel=""nofollow noopener"" target=""_blank"">#<span>ecologienumerique</span></a> <a href=""https://social.sciences.re/tags/sobrietenumerique"" class=""mention hashtag"" rel=""nofollow noopener"" target=""_blank"">#<span>sobrietenumerique</span></a><br><a href=""https://social.sciences.re/tags/scienceouverte"" class=""mention hashtag"" rel=""nofollow noopener"" target=""_blank"">#<span>scienceouverte</span></a> <a href=""https://social.sciences.re/tags/openaccess"" class=""mention hashtag"" rel=""nofollow noopener"" target=""_blank"">#<span>openaccess</span></a> <a href=""https://social.sciences.re/tags/openresearchdata"" class=""mention hashtag"" rel=""nofollow noopener"" target=""_blank"">#<span>openresearchdata</span></a></p>",https://social.sciences.re/@dmathelier,https://files.mastodon.social/cache/accounts/avatars/109/523/305/120/786/627/original/774a5c33b0437dd3.jpg,https://files.mastodon.social/cache/accounts/avatars/109/523/305/120/786/627/original/774a5c33b0437dd3.jpg,https://mastodon.social/headers/original/missing.png,https://mastodon.social/headers/original/missing.png,29,44,2,NA,list(),list()
111226419708959701,pierrette_p,pierrette_p,Pierrette Paillassard,TRUE,FALSE,FALSE,FALSE,2023-10-13T00:00:00Z,<p>Ing√©nieure p√©dagogique pour l&#39;enseignement num√©rique</p>,https://mastodon.social/@pierrette_p,https://files.mastodon.social/accounts/avatars/111/226/419/708/959/701/original/cd597c4e7b6af145.jpg,https://files.mastodon.social/accounts/avatars/111/226/419/708/959/701/original/cd597c4e7b6af145.jpg,https://files.mastodon.social/accounts/headers/111/226/419/708/959/701/original/01e7bfacc620c84c.jpg,https://files.mastodon.social/accounts/headers/111/226/419/708/959/701/original/01e7bfacc620c84c.jpg,7,25,24,NA,list(),list()
113679420417165997,LaLIST,LaLIST,LaLIST CNRS-INIST,FALSE,FALSE,TRUE,FALSE,2024-12-19T00:00:00Z,"<p>Depuis 2012, vos <a href=""https://mastodon.social/tags/actualit%C3%A9s"" class=""mention hashtag"" rel=""tag"">#<span>actualit√©s</span></a> de <a href=""https://mastodon.social/tags/veille"" class=""mention hashtag"" rel=""tag"">#<span>veille</span></a> en <a href=""https://mastodon.social/tags/IST"" class=""mention hashtag"" rel=""tag"">#<span>IST</span></a> <br />√† destination de l‚Äô<a href=""https://mastodon.social/tags/ESR"" class=""mention hashtag"" rel=""tag"">#<span>ESR</span></a></p>",https://mastodon.social/@LaLIST,https://files.mastodon.social/accounts/avatars/113/679/420/417/165/997/original/c00e901120b5586f.png,https://files.mastodon.social/accounts/avatars/113/679/420/417/165/997/original/c00e901120b5586f.png,https://files.mastodon.social/accounts/headers/113/679/420/417/165/997/original/6e7924660a0bc970.png,https://files.mastodon.social/accounts/headers/113/679/420/417/165/997/original/6e7924660a0bc970.png,22,76,58,NA,list(),list()
401653,bouanic,bouanic@mastodon.indie.host,bouanic,FALSE,FALSE,TRUE,FALSE,2018-05-09T00:00:00Z,"<p>Sur <a href=""https://mastodon.indie.host/tags/Rennes"" class=""mention hashtag"" rel=""nofollow noopener"" target=""_blank"">#<span>Rennes</span></a>, lecteur de <a href=""https://mastodon.indie.host/tags/sff"" class=""mention hashtag"" rel=""nofollow noopener"" target=""_blank"">#<span>sff</span></a>, amateur de <a href=""https://mastodon.indie.host/tags/jazz"" class=""mention hashtag"" rel=""nofollow noopener"" target=""_blank"">#<span>jazz</span></a>, √©cologiste</p>",https://mastodon.indie.host/@bouanic,https://files.mastodon.social/cache/accounts/avatars/000/401/653/original/7b8dc90fdb7e4d3c.png,https://files.mastodon.social/cache/accounts/avatars/000/401/653/original/7b8dc90fdb7e4d3c.png,https://mastodon.social/headers/original/missing.png,https://mastodon.social/headers/original/missing.png,177,594,539,NA,"list(name = c(""Inventaire.io"", ""bookwyrm""), value = c(""<a href=\""https://inventaire.io/users/bouanic/inventory\"" rel=\""nofollow noopener\"" target=\""_blank\""><span class=\""invisible\"">https://</span><span class=\""ellipsis\"">inventaire.io/users/bouanic/in</span><span class=\""invisible\"">ventory</span></a>"", ""<a href=\""https://bw.diaspodon.fr/user/bouanic\"" rel=\""nofollow noopener\"" target=\""_blank\""><span class=\""invisible\"">https://</span><span class=\""\"">bw.diaspodon.fr/user/bouanic</span><span class=\""invisible\""></span></a>""
))",list()
109273602143180816,justinmponcet,justinmponcet@sciences.re,Dr. Justin,FALSE,FALSE,TRUE,FALSE,2022-11-02T00:00:00Z,"<p>üéìüåç G√©ographe et citoyen du monde<br>ü™à fl√ªtiste</p><p>Sciences sociales, √âcologie et biens communs</p><p>¬´ L'utopie est la v√©rit√© de demain ¬ª Victor Hugo<br>Docteur en g√©ographie </p><p>N√© √† 361.3 ppm CO2</p><p>Damn√© de l' <a href=""https://social.sciences.re/tags/ESR"" class=""mention hashtag"" rel=""nofollow noopener"" target=""_blank"">#<span>ESR</span></a> <a href=""https://social.sciences.re/tags/SHS"" class=""mention hashtag"" rel=""nofollow noopener"" target=""_blank"">#<span>SHS</span></a> <a href=""https://social.sciences.re/tags/G%C3%A9ographie"" class=""mention hashtag"" rel=""nofollow noopener"" target=""_blank"">#<span>G√©ographie</span></a> <a href=""https://social.sciences.re/tags/%C3%89nergie"" class=""mention hashtag"" rel=""nofollow noopener"" target=""_blank"">#<span>√ânergie</span></a> <a href=""https://social.sciences.re/tags/SocialSciences"" class=""mention hashtag"" rel=""nofollow noopener"" target=""_blank"">#<span>SocialSciences</span></a> <a href=""https://social.sciences.re/tags/Geography"" class=""mention hashtag"" rel=""nofollow noopener"" target=""_blank"">#<span>Geography</span></a> <a href=""https://social.sciences.re/tags/Energy"" class=""mention hashtag"" rel=""nofollow noopener"" target=""_blank"">#<span>Energy</span></a> <a href=""https://social.sciences.re/tags/Commons"" class=""mention hashtag"" rel=""nofollow noopener"" target=""_blank"">#<span>Commons</span></a> <a href=""https://social.sciences.re/tags/PoliticalGeology"" class=""mention hashtag"" rel=""nofollow noopener"" target=""_blank"">#<span>PoliticalGeology</span></a> <a href=""https://social.sciences.re/tags/TeamESR"" class=""mention hashtag"" rel=""nofollow noopener"" target=""_blank"">#<span>TeamESR</span></a> <br>Ma veille : <a href=""https://social.sciences.re/tags/VeilleESR"" class=""mention hashtag"" rel=""nofollow noopener"" target=""_blank"">#<span>VeilleESR</span></a> <a href=""https://social.sciences.re/tags/Geoveille"" class=""mention hashtag"" rel=""nofollow noopener"" target=""_blank"">#<span>Geoveille</span></a></p><p>Compte personnel, n'engage pas mon employeur.</p>",https://social.sciences.re/@justinmponcet,https://files.mastodon.social/cache/accounts/avatars/109/273/602/143/180/816/original/e0c6c2a28b39342f.jpg,https://files.mastodon.social/cache/accounts/avatars/109/273/602/143/180/816/original/e0c6c2a28b39342f.jpg,https://files.mastodon.social/cache/accounts/headers/109/273/602/143/180/816/original/051683da401d5d12.jpg,https://files.mastodon.social/cache/accounts/headers/109/273/602/143/180/816/original/051683da401d5d12.jpg,1262,951,3037,NA,"list(name = c(""Site web personnel"", ""CV"", ""ORCID""), value = c(""<a href=\""https://justin.missaghiehponcet.eu\"" target=\""_blank\"" rel=\""nofollow noopener\"" translate=\""no\""><span class=\""invisible\"">https://</span><span class=\""\"">justin.missaghiehponcet.eu</span><span class=\""invisible\""></span></a>"", ""<a href=\""https://cv.hal.science/justin-missaghieh-poncet\"" rel=\""nofollow noopener\"" translate=\""no\"" target=\""_blank\""><span class=\""invisible\"">https://</span><span class=\""ellipsis\"">cv.hal.science/justin-missaghi</span><span class=\""invisible\"">eh-poncet</span></a>"", 
""<a href=\""https://orcid.org/0000-0003-4968-2543\"" rel=\""nofollow noopener\"" translate=\""no\"" target=\""_blank\""><span class=\""invisible\"">https://</span><span class=\""\"">orcid.org/0000-0003-4968-2543</span><span class=\""invisible\""></span></a>""), verified_at = c(""2025-01-15T01:01:55.302+00:00"", NA, NA))",list()
113723774136750922,SandrineBib,SandrineBib,,FALSE,FALSE,NA,FALSE,2024-12-27T00:00:00Z,,https://mastodon.social/@SandrineBib,https://mastodon.social/avatars/original/missing.png,https://mastodon.social/avatars/original/missing.png,https://mastodon.social/headers/original/missing.png,https://mastodon.social/headers/original/missing.png,2,16,0,NA,list(),list()
113749526937174122,29pat.bsky.social,29pat.bsky.social@bsky.brid.gy,Patrick BERNARD,FALSE,FALSE,TRUE,FALSE,2024-12-31T00:00:00Z,"@Renaissance
@Renaissance29 @RenaissanceQBO 
adore #MacronardsFM !...
Comptes #X (ex-Twitter) : @29Pat2 et @29Pat
Compte #threads : patrickbernardmahe
Compte #instagram: patrickbernardmahe
Compte #Facebook : Patrick Bernard-mahe<br><br>[<a href=""https://fed.brid.gy/bsky/29pat.bsky.social"" rel=""nofollow noopener"" target=""_blank"">bridged</a> from <a href=""https://bsky.app/profile/29pat.bsky.social"" rel=""nofollow noopener"" target=""_blank"">29pat.bsky.social</a> on Bluesky by <a href=""https://fed.brid.gy/"" rel=""nofollow noopener"" target=""_blank"">Bridgy Fed</a>]",https://bsky.brid.gy/r/https://bsky.app/profile/29pat.bsky.social,https://files.mastodon.social/cache/accounts/avatars/113/749/526/937/174/122/original/371c44df8491c426.jpeg,https://files.mastodon.social/cache/accounts/avatars/113/749/526/937/174/122/original/371c44df8491c426.jpeg,https://files.mastodon.social/cache/accounts/headers/113/749/526/937/174/122/original/523d62b34b0a9429.jpeg,https://files.mastodon.social/cache/accounts/headers/113/749/526/937/174/122/original/523d62b34b0a9429.jpeg,1,21,1,NA,"list(name = ""Web site"", value = ""<a rel=\""nofollow noopener\"" href=\""https://bsky.app/profile/29pat.bsky.social\"" target=\""_blank\""><span class=\""invisible\"">https://</span>bsky.app/profile/29pat.bsky.social</a>"")",list()
770133,mebemar,mebemar@openbiblio.social,Martin Mehlberg,TRUE,FALSE,TRUE,FALSE,2019-03-19T00:00:00Z,"<p>works at SuUB Bremen<br><a href=""https://openbiblio.social/tags/Bibliothek"" class=""mention hashtag"" rel=""nofollow noopener"" target=""_blank"">#<span>Bibliothek</span></a> <a href=""https://openbiblio.social/tags/library"" class=""mention hashtag"" rel=""nofollow noopener"" target=""_blank"">#<span>library</span></a> <a href=""https://openbiblio.social/tags/Fachreferat"" class=""mention hashtag"" rel=""nofollow noopener"" target=""_blank"">#<span>Fachreferat</span></a> <a href=""https://openbiblio.social/tags/AcademicLibrarian"" class=""mention hashtag"" rel=""nofollow noopener"" target=""_blank"">#<span>AcademicLibrarian</span></a> <a href=""https://openbiblio.social/tags/OpenAccess"" class=""mention hashtag"" rel=""nofollow noopener"" target=""_blank"">#<span>OpenAccess</span></a> <a href=""https://openbiblio.social/tags/OpenAccessPublishing"" class=""mention hashtag"" rel=""nofollow noopener"" target=""_blank"">#<span>OpenAccessPublishing</span></a> <a href=""https://openbiblio.social/tags/OABooks"" class=""mention hashtag"" rel=""nofollow noopener"" target=""_blank"">#<span>OABooks</span></a> <a href=""https://openbiblio.social/tags/DiamondOA"" class=""mention hashtag"" rel=""nofollow noopener"" target=""_blank"">#<span>DiamondOA</span></a> <a href=""https://openbiblio.social/tags/OpenScience"" class=""mention hashtag"" rel=""nofollow noopener"" target=""_blank"">#<span>OpenScience</span></a> <a href=""https://openbiblio.social/tags/InformationLiteracy"" class=""mention hashtag"" rel=""nofollow noopener"" target=""_blank"">#<span>InformationLiteracy</span></a> <a href=""https://openbiblio.social/tags/Romanistik"" class=""mention hashtag"" rel=""nofollow noopener"" target=""_blank"">#<span>Romanistik</span></a> <a href=""https://openbiblio.social/tags/hispanista"" class=""mention hashtag"" rel=""nofollow noopener"" target=""_blank"">#<span>hispanista</span></a> <a href=""https://openbiblio.social/tags/DigitalHumanities"" class=""mention hashtag"" rel=""nofollow noopener"" target=""_blank"">#<span>DigitalHumanities</span></a> <a href=""https://openbiblio.social/tags/LibraryCarpentry"" class=""mention hashtag"" rel=""nofollow noopener"" target=""_blank"">#<span>LibraryCarpentry</span></a> <a href=""https://openbiblio.social/tags/Zotero"" class=""mention hashtag"" rel=""nofollow noopener"" target=""_blank"">#<span>Zotero</span></a></p>",https://openbiblio.social/@mebemar,https://files.mastodon.social/cache/accounts/avatars/000/770/133/original/243f4593248ca6e7.jpeg,https://files.mastodon.social/cache/accounts/avatars/000/770/133/original/243f4593248ca6e7.jpeg,https://files.mastodon.social/cache/accounts/headers/000/770/133/original/df0c4fd998a47eb7.jpeg,https://files.mastodon.social/cache/accounts/headers/000/770/133/original/df0c4fd998a47eb7.jpeg,241,496,293,NA,"list(name = ""ORCID"", value = ""<a href=\""https://orcid.org/0000-0002-7177-9045\"" rel=\""nofollow noopener\"" translate=\""no\"" target=\""_blank\""><span class=\""invisible\"">https://</span><span class=\""\"">orcid.org/0000-0002-7177-9045</span><span class=\""invisible\""></span></a>"")",list()
113288531456764714,Jap_py,Jap_py,,FALSE,FALSE,NA,FALSE,2024-10-11T00:00:00Z,,https://mastodon.social/@Jap_py,https://files.mastodon.social/accounts/avatars/113/288/531/456/764/714/original/288d7b14bdbd4773.jpeg,https://files.mastodon.social/accounts/avatars/113/288/531/456/764/714/original/288d7b14bdbd4773.jpeg,https://mastodon.social/headers/original/missing.png,https://mastodon.social/headers/original/missing.png,3,30,0,NA,list(),list()
112588930416276630,petersuber.bsky.social,petersuber.bsky.social@bsky.brid.gy,Peter Suber,FALSE,FALSE,TRUE,FALSE,2024-02-23T00:00:00Z,"I post to #Mastodon more than #Bluesky. But you can follow my M posts on B through my bridge account.
<a href=""https://bsky.app/profile/petersuber.fediscience.org.ap.brid.gy"" rel=""nofollow noopener"" target=""_blank"">bsky.app/profile/peters...</a>

Follow that account (more posts), this one (fewer posts), or both.
<br><br>[<a href=""https://fed.brid.gy/bsky/petersuber.bsky.social"" rel=""nofollow noopener"" target=""_blank"">bridged</a> from <a href=""https://bsky.app/profile/petersuber.bsky.social"" rel=""nofollow noopener"" target=""_blank"">petersuber.bsky.social</a> on Bluesky by <a href=""https://fed.brid.gy/"" rel=""nofollow noopener"" target=""_blank"">Bridgy Fed</a>]",https://bsky.brid.gy/r/https://bsky.app/profile/petersuber.bsky.social,https://files.mastodon.social/cache/accounts/avatars/112/588/930/416/276/630/original/cd6d91d7cb0d1f09.jpeg,https://files.mastodon.social/cache/accounts/avatars/112/588/930/416/276/630/original/cd6d91d7cb0d1f09.jpeg,https://files.mastodon.social/cache/accounts/headers/112/588/930/416/276/630/original/e71023688dd48879.jpeg,https://files.mastodon.social/cache/accounts/headers/112/588/930/416/276/630/original/e71023688dd48879.jpeg,0,16,1,NA,"list(name = c(""Web site"", ""Link""), value = c(""<a rel=\""nofollow noopener\"" href=\""https://bsky.app/profile/petersuber.bsky.social\"" target=\""_blank\""><span class=\""invisible\"">https://</span>bsky.app/profile/petersuber.bsky.social</a>"", ""<a rel=\""nofollow noopener\"" href=\""https://bsky.app/profile/petersuber.fediscience.org.ap.brid.gy\"" target=\""_blank\""><span class=\""invisible\"">https://</span>bsky.app/profile/petersuber.fediscience.org.ap.brid.gy</a>""))",list()
109275823785291554,lma,lma@mstdn.social,Layla,FALSE,FALSE,TRUE,FALSE,2022-11-02T00:00:00Z,"<p>YOü¶ãüß∂üå∑üé®‚Ä®Me gustan las plantas, disfruto las buenas conversaciones, vegi, escribo en Espa√±ol‚ù§Ô∏è‚Ä©¬øCu√°l es la soluci√≥n mas amable?‚Ä©PROFESIONAL‚Ä®Bioinformaci√≥n, Investigaci√≥n, Ciencia Abierta, Wikidata‚Ä©üåÄLaboratorio de BIOinformaci√≥n‚Ä®üåàProyecto Biocolores‚Ä®üíøInvestigaci√≥n Digital (@infovestigacion)‚Ä©<a href=""https://mstdn.social/tags/OpenScience"" class=""mention hashtag"" rel=""nofollow noopener"" target=""_blank"">#<span>OpenScience</span></a> <a href=""https://mstdn.social/tags/Wikidata"" class=""mention hashtag"" rel=""nofollow noopener"" target=""_blank"">#<span>Wikidata</span></a> <a href=""https://mstdn.social/tags/DigitalHumanities"" class=""mention hashtag"" rel=""nofollow noopener"" target=""_blank"">#<span>DigitalHumanities</span></a> <a href=""https://mstdn.social/tags/Scientometrics"" class=""mention hashtag"" rel=""nofollow noopener"" target=""_blank"">#<span>Scientometrics</span></a> <a href=""https://mstdn.social/tags/ColSci"" class=""mention hashtag"" rel=""nofollow noopener"" target=""_blank"">#<span>ColSci</span></a> <a href=""https://mstdn.social/tags/LifeSciences"" class=""mention hashtag"" rel=""nofollow noopener"" target=""_blank"">#<span>LifeSciences</span></a> <a href=""https://mstdn.social/tags/HistSci"" class=""mention hashtag"" rel=""nofollow noopener"" target=""_blank"">#<span>HistSci</span></a> <a href=""https://mstdn.social/tags/HistoryOfScience"" class=""mention hashtag"" rel=""nofollow noopener"" target=""_blank"">#<span>HistoryOfScience</span></a> <a href=""https://mstdn.social/tags/BiologyofColour"" class=""mention hashtag"" rel=""nofollow noopener"" target=""_blank"">#<span>BiologyofColour</span></a>‚Ä©<a href=""https://mstdn.social/tags/M%C3%A9xico"" class=""mention hashtag"" rel=""nofollow noopener"" target=""_blank"">#<span>M√©xico</span></a> <a href=""https://mstdn.social/tags/UNAM"" class=""mention hashtag"" rel=""nofollow noopener"" target=""_blank"">#<span>UNAM</span></a>‚Ä®Licencia de mis post CC 4.0</p>",https://mstdn.social/@lma,https://files.mastodon.social/cache/accounts/avatars/109/275/823/785/291/554/original/442dac671386f420.jpeg,https://files.mastodon.social/cache/accounts/avatars/109/275/823/785/291/554/original/442dac671386f420.jpeg,https://files.mastodon.social/cache/accounts/headers/109/275/823/785/291/554/original/587174bf196975ae.jpeg,https://files.mastodon.social/cache/accounts/headers/109/275/823/785/291/554/original/587174bf196975ae.jpeg,522,2361,1515,NA,"list(name = c(""BIOinformacion"", ""ORCID"", ""GitHub"", ""Google Scholar""), value = c(""<a href=\""https://sites.google.com/bioinformacion.org/lab/Home\"" rel=\""nofollow noopener\"" translate=\""no\"" target=\""_blank\""><span class=\""invisible\"">https://</span><span class=\""ellipsis\"">sites.google.com/bioinformacio</span><span class=\""invisible\"">n.org/lab/Home</span></a>"", ""<a href=\""https://orcid.org/0000-0002-5798-662X\"" rel=\""nofollow noopener\"" translate=\""no\"" target=\""_blank\""><span class=\""invisible\"">https://</span><span class=\""\"">orcid.org/0000-0002-5798-662X</span><span class=\""invisible\""></span></a>"", 
""<a href=\""https://github.com/lmichan\"" target=\""_blank\"" rel=\""nofollow noopener\"" translate=\""no\""><span class=\""invisible\"">https://</span><span class=\""\"">github.com/lmichan</span><span class=\""invisible\""></span></a>"", ""<a href=\""https://scholar.google.com/citations?user=uDU1oTcAAAAJ&amp;hl=en\"" rel=\""nofollow noopener\"" translate=\""no\"" target=\""_blank\""><span class=\""invisible\"">https://</span><span class=\""ellipsis\"">scholar.google.com/citations?u</span><span class=\""invisible\"">ser=uDU1oTcAAAAJ&amp;hl=en</span></a>""
), verified_at = c(NA, NA, ""2025-01-12T14:12:58.777+00:00"", NA))",list()
113679597252799282,Lauriane_Locatelli,Lauriane_Locatelli,,FALSE,FALSE,TRUE,FALSE,2024-12-19T00:00:00Z,"<p>ing√©nieur @inist @cnrs <a href=""https://mastodon.social/tags/RDM"" class=""mention hashtag"" rel=""tag"">#<span>RDM</span></a> <a href=""https://mastodon.social/tags/ResearchDataManagement"" class=""mention hashtag"" rel=""tag"">#<span>ResearchDataManagement</span></a></p>",https://mastodon.social/@Lauriane_Locatelli,https://files.mastodon.social/accounts/avatars/113/679/597/252/799/282/original/1d539bc5e9239b42.jpg,https://files.mastodon.social/accounts/avatars/113/679/597/252/799/282/original/1d539bc5e9239b42.jpg,https://files.mastodon.social/accounts/headers/113/679/597/252/799/282/original/67ab68eea258a389.jpg,https://files.mastodon.social/accounts/headers/113/679/597/252/799/282/original/67ab68eea258a389.jpg,39,81,2,NA,list(),list()
113662283503257419,sarah_trichet_allaire,sarah_trichet_allaire@pouet.chapril.org,Sarah Trichet Allaire,FALSE,FALSE,TRUE,FALSE,2024-12-16T00:00:00Z,"<p>√âco-f√©ministe, libriste, sobri√©t√© num√©rique. Un peu de dev et beaucoup de politique.  Dans la vraie vie, j'√©cris parfois et je chante souvent. <a href=""https://pouet.chapril.org/tags/EELV"" class=""mention hashtag"" rel=""nofollow noopener"" target=""_blank"">#<span>EELV</span></a> <a href=""https://pouet.chapril.org/tags/Saint"" class=""mention hashtag"" rel=""nofollow noopener"" target=""_blank"">#<span>Saint</span></a>-Nazaire</p>",https://pouet.chapril.org/@sarah_trichet_allaire,https://files.mastodon.social/cache/accounts/avatars/113/662/283/503/257/419/original/0d74f17780cb8c12.jpg,https://files.mastodon.social/cache/accounts/avatars/113/662/283/503/257/419/original/0d74f17780cb8c12.jpg,https://files.mastodon.social/cache/accounts/headers/113/662/283/503/257/419/original/d7ff0b22dc42397e.jpg,https://files.mastodon.social/cache/accounts/headers/113/662/283/503/257/419/original/d7ff0b22dc42397e.jpg,518,817,152,NA,list(),list()
113529592361577219,callmeledbetter.bsky.social,callmeledbetter.bsky.social@bsky.brid.gy,Ledbetter,FALSE,FALSE,TRUE,FALSE,2024-11-15T00:00:00Z,"Live in Atlanta. Old. Grumpy. People are more important than things.<br><br>[<a href=""https://fed.brid.gy/bsky/callmeledbetter.bsky.social"" rel=""nofollow noopener"" target=""_blank"">bridged</a> from <a href=""https://bsky.app/profile/callmeledbetter.bsky.social"" rel=""nofollow noopener"" target=""_blank"">callmeledbetter.bsky.social</a> on Bluesky by <a href=""https://fed.brid.gy/"" rel=""nofollow noopener"" target=""_blank"">Bridgy Fed</a>]",https://bsky.brid.gy/r/https://bsky.app/profile/callmeledbetter.bsky.social,https://files.mastodon.social/cache/accounts/avatars/113/529/592/361/577/219/original/50b955e899637235.jpeg,https://files.mastodon.social/cache/accounts/avatars/113/529/592/361/577/219/original/50b955e899637235.jpeg,https://files.mastodon.social/cache/accounts/headers/113/529/592/361/577/219/original/2a584cac1596a93f.jpeg,https://files.mastodon.social/cache/accounts/headers/113/529/592/361/577/219/original/2a584cac1596a93f.jpeg,1,65,1,NA,"list(name = ""Web site"", value = ""<a rel=\""nofollow noopener\"" href=\""https://bsky.app/profile/callmeledbetter.bsky.social\"" target=\""_blank\""><span class=\""invisible\"">https://</span>bsky.app/profile/callmeledbetter.bsky.social</a>"")",list()
113476483840543646,OSCMainz,OSCMainz@fediscience.org,Open Science Community Mainz,FALSE,FALSE,TRUE,FALSE,2024-10-22T00:00:00Z,"<p>We are about helping each other practice Open Science and based in the German university town Mainz. Many of us are employed as researchers at University of Mainz, though this is not required.</p><p>coordinators:<br>Lukas Hellmann, Christian Meesters, Markus Vieth, Sarah Wettermann</p><p>Boosting related things too.  Not always agreeing.</p>",https://fediscience.org/@OSCMainz,https://files.mastodon.social/cache/accounts/avatars/113/476/483/840/543/646/original/d7f78957b5e99851.webp,https://files.mastodon.social/cache/accounts/avatars/113/476/483/840/543/646/original/d7f78957b5e99851.webp,https://files.mastodon.social/cache/accounts/headers/113/476/483/840/543/646/original/a185f865cb42e075.webp,https://files.mastodon.social/cache/accounts/headers/113/476/483/840/543/646/original/a185f865cb42e075.webp,65,20,28,NA,"list(name = c(""our homepage"", ""our mailinglist"", ""OSC International""), value = c(""<a href=\""https://oscmainz.pages.gitlab.rlp.net/\"" rel=\""nofollow noopener\"" translate=\""no\"" target=\""_blank\""><span class=\""invisible\"">https://</span><span class=\""\"">oscmainz.pages.gitlab.rlp.net/</span><span class=\""invisible\""></span></a>"", ""<a href=\""https://lists.uni-mainz.de/sympa/info/oscm\"" rel=\""nofollow noopener\"" translate=\""no\"" target=\""_blank\""><span class=\""invisible\"">https://</span><span class=\""ellipsis\"">lists.uni-mainz.de/sympa/info/</span><span class=\""invisible\"">oscm</span></a>"", 
""<a href=\""https://osc-international.com\"" rel=\""nofollow noopener\"" translate=\""no\"" target=\""_blank\""><span class=\""invisible\"">https://</span><span class=\""\"">osc-international.com</span><span class=\""invisible\""></span></a>""))",list()
110945259797138186,laboescapes,laboescapes,Aderenti Escapes su mastodon,FALSE,FALSE,TRUE,FALSE,2023-08-24T00:00:00Z,<p>Rete di aderenti ad Escapes - Laboratorio di studi critici sulle migrazioni forzate üïä CONTENUTI NON UTILIZZABILI PER AI TRAINING</p>,https://mastodon.social/@laboescapes,https://files.mastodon.social/accounts/avatars/110/945/259/797/138/186/original/a0df86cd7712738c.png,https://files.mastodon.social/accounts/avatars/110/945/259/797/138/186/original/a0df86cd7712738c.png,https://files.mastodon.social/accounts/headers/110/945/259/797/138/186/original/98ffd16bbd3beba2.png,https://files.mastodon.social/accounts/headers/110/945/259/797/138/186/original/98ffd16bbd3beba2.png,144,871,327,NA,"list(name = c(""linktr.ee"", ""website""), value = c(""<a href=\""https://linktr.ee/laboescapes\"" target=\""_blank\"" rel=\""nofollow noopener me\"" translate=\""no\""><span class=\""invisible\"">https://</span><span class=\""\"">linktr.ee/laboescapes</span><span class=\""invisible\""></span></a>"", ""<a href=\""https://infoescapes.altervista.org/\"" target=\""_blank\"" rel=\""nofollow noopener me\"" translate=\""no\""><span class=\""invisible\"">https://</span><span class=\""\"">infoescapes.altervista.org/</span><span class=\""invisible\""></span></a>""
), verified_at = c(NA, ""2024-11-12T14:04:26.337+00:00""))",list()
109279597103955486,tfardet,tfardet@sciences.re,Tanguy Fardet ‚èö,FALSE,FALSE,TRUE,FALSE,2022-11-03T00:00:00Z,"<p>Mes domaines de recherche concernent les syst√®mes complexes et les r√©seaux.<br>Je travaille actuellement sur les r√©seaux de flux de mati√®res organiques dans les zones urbaines afin de regarder comment r√©colter et valoriser ces mati√®res en agriculture.</p><p>Je suis engag√© sur les questions socio-environnementales, sur la d√©mocratie directe et les relations recherche/soci√©t√© et sur les outils et r√©seaux libres.</p><p>I also talk about all this in English on my other accounts (see below).</p>",https://social.sciences.re/@tfardet,https://files.mastodon.social/cache/accounts/avatars/109/279/597/103/955/486/original/c351786ec4ff39ad.png,https://files.mastodon.social/cache/accounts/avatars/109/279/597/103/955/486/original/c351786ec4ff39ad.png,https://mastodon.social/headers/original/missing.png,https://mastodon.social/headers/original/missing.png,134,149,1265,NA,"list(name = c(""Site web"", ""SciComm"", ""FediScience"", ""HAL""), value = c(""<a href=\""https://tfardet.srht.site/fr/index.html\"" target=\""_blank\"" rel=\""nofollow noopener\"" translate=\""no\""><span class=\""invisible\"">https://</span><span class=\""\"">tfardet.srht.site/fr/index.html</span><span class=\""invisible\""></span></a>"", ""<span class=\""h-card\"" translate=\""no\""><a href=\""https://scicomm.xyz/@tfardet\"" class=\""u-url mention\"" rel=\""nofollow noopener\"" target=\""_blank\"">@<span>tfardet@scicomm.xyz</span></a></span>"", 
""<span class=\""h-card\"" translate=\""no\""><a href=\""https://fediscience.org/@tfardet\"" class=\""u-url mention\"" rel=\""nofollow noopener\"" target=\""_blank\"">@<span>tfardet@fediscience.org</span></a></span>"", ""<a href=\""https://cv.hal.science/tanguy-fardet\"" rel=\""nofollow noopener\"" translate=\""no\"" target=\""_blank\""><span class=\""invisible\"">https://</span><span class=\""\"">cv.hal.science/tanguy-fardet</span><span class=\""invisible\""></span></a>""), verified_at = c(""2025-01-09T11:12:15.423+00:00"", NA, 
NA, NA))",list()
109602918162338969,kipuka,kipuka@sciences.re,kƒ´puka,FALSE,FALSE,TRUE,FALSE,2022-12-22T00:00:00Z,"<p>kƒ´puka est une revue üì∞ de vulgarisation scientifique üß™ consacr√©e aux volcans üåã et fond√©e par Jean-Marie Prival, docteur üë®üèª‚Äçüéì en volcanologie.</p><p>kƒ´puka est r√©alis√©e avec des logiciels libres : LibreOffice, GIMP, Inkscape, Scribus. Les textes de la revue sont diffus√©s sous licence Creative Commons BY-NC-ND.</p><p>kƒ´puka est con√ßue en Auvergne et fabriqu√©e par une imprimerie locale et respectueuse de l‚Äôenvironnement.</p>",https://social.sciences.re/@kipuka,https://files.mastodon.social/cache/accounts/avatars/109/602/918/162/338/969/original/32aade8dd2591858.jpg,https://files.mastodon.social/cache/accounts/avatars/109/602/918/162/338/969/original/32aade8dd2591858.jpg,https://files.mastodon.social/cache/accounts/headers/109/602/918/162/338/969/original/cd02be12441df0c8.jpg,https://files.mastodon.social/cache/accounts/headers/109/602/918/162/338/969/original/cd02be12441df0c8.jpg,306,225,606,NA,"list(name = ""Site web"", value = ""<a href=\""https://www.kipuka.fr/\"" rel=\""nofollow noopener\"" translate=\""no\"" target=\""_blank\""><span class=\""invisible\"">https://www.</span><span class=\""\"">kipuka.fr/</span><span class=\""invisible\""></span></a>"")",list()
109596142218422003,amans,amans@piaille.fr,Amans,FALSE,FALSE,TRUE,FALSE,2022-12-27T00:00:00Z,"<p>Pr√™tre la√Øqueer, agent polyvalent &amp; bonhomme de lettres : po√®mes, bizarries, partages anarcho-communalistes, transdisciplinarit√©, dialogue etc.</p><p>Presk un d'mi-siecle en familles complexes et en collectifs... rustici et orbi</p><p>Profil : un arbre de par ici, foudroy√© l'hiver, en fleurs au printemps<br>Bandeau : autoportrait depuis l'≈ìil gauche</p><p>Il / supprime les vieux msg en g√©n√©ral / √©tiquette avec soin ...</p><p>Plus d'infos sur nousses : <a href=""https://lesuperflux.fr/"" rel=""nofollow noopener"" translate=""no"" target=""_blank""><span class=""invisible"">https://</span><span class="""">lesuperflux.fr/</span><span class=""invisible""></span></a> et <a href=""https://www.murmuredesforets.fr/"" rel=""nofollow noopener"" translate=""no"" target=""_blank""><span class=""invisible"">https://www.</span><span class="""">murmuredesforets.fr/</span><span class=""invisible""></span></a></p><p><a href=""https://piaille.fr/tags/nobridge"" class=""mention hashtag"" rel=""nofollow noopener"" target=""_blank"">#<span>nobridge</span></a></p>",https://piaille.fr/@amans,https://files.mastodon.social/cache/accounts/avatars/109/596/142/218/422/003/original/40b338d0047dee97.jpeg,https://files.mastodon.social/cache/accounts/avatars/109/596/142/218/422/003/original/40b338d0047dee97.jpeg,https://files.mastodon.social/cache/accounts/headers/109/596/142/218/422/003/original/475a91e4b64240dd.png,https://files.mastodon.social/cache/accounts/headers/109/596/142/218/422/003/original/475a91e4b64240dd.png,278,251,1560,NA,"list(name = c(""#Amiti√©"", ""#√âcologie"", ""#PermacultureSociale""), value = c(""<a href=\""https://piaille.fr/tags/Mouvement\"" class=\""mention hashtag\"" rel=\""nofollow noopener\"" target=\""_blank\"">#<span>Mouvement</span></a>"", ""<a href=\""https://piaille.fr/tags/Tissage\"" class=\""mention hashtag\"" rel=\""nofollow noopener\"" target=\""_blank\"">#<span>Tissage</span></a>"", ""<a href=\""https://piaille.fr/tags/Sant%C3%A9Mentale\"" class=\""mention hashtag\"" rel=\""nofollow noopener\"" target=\""_blank\"">#<span>Sant√©Mentale</span></a>""
))",list()
109461014701589536,roman_siap,roman_siap@genomic.social,Romanos Siaperas,FALSE,FALSE,FALSE,FALSE,2022-12-05T00:00:00Z,,https://genomic.social/@roman_siap,https://mastodon.social/avatars/original/missing.png,https://mastodon.social/avatars/original/missing.png,https://mastodon.social/headers/original/missing.png,https://mastodon.social/headers/original/missing.png,14,196,25,NA,list(),list()
109280504959965342,corinnelr,corinnelr@mastodon.top,CorinneLR,FALSE,FALSE,FALSE,FALSE,2022-11-03T00:00:00Z,<p>J‚Äôaimerais parcourir l‚ÄôEurope (et plus) en marchant. En attendant je voyage en enseignant histoire et g√©ographie √† La Rochelle.</p>,https://mastodon.top/@corinnelr,https://files.mastodon.social/cache/accounts/avatars/109/280/504/959/965/342/original/fdb9a2b9249faaf5.png,https://files.mastodon.social/cache/accounts/avatars/109/280/504/959/965/342/original/fdb9a2b9249faaf5.png,https://files.mastodon.social/cache/accounts/headers/109/280/504/959/965/342/original/3752695a1bcc3e69.png,https://files.mastodon.social/cache/accounts/headers/109/280/504/959/965/342/original/3752695a1bcc3e69.png,33,262,351,NA,list(),list()
111308062643555807,katharina_mueller,katharina_mueller@openbiblio.social,Katharina,FALSE,FALSE,FALSE,FALSE,2023-10-06T00:00:00Z,,https://openbiblio.social/@katharina_mueller,https://files.mastodon.social/cache/accounts/avatars/111/308/062/643/555/807/original/ef42355772b38ece.jpeg,https://files.mastodon.social/cache/accounts/avatars/111/308/062/643/555/807/original/ef42355772b38ece.jpeg,https://files.mastodon.social/cache/accounts/headers/111/308/062/643/555/807/original/ae3b72ab9d498bd9.jpeg,https://files.mastodon.social/cache/accounts/headers/111/308/062/643/555/807/original/ae3b72ab9d498bd9.jpeg,41,148,177,NA,list(),list()
109311674192005074,silvanad,silvanad@mastodon.online,Silvana Dayan DeLatte,FALSE,FALSE,TRUE,FALSE,2022-11-06T00:00:00Z,"<p><a href=""https://mastodon.online/tags/PhD"" class=""mention hashtag"" rel=""nofollow noopener"" target=""_blank"">#<span>PhD</span></a> candidate at the <a href=""https://mastodon.online/tags/University"" class=""mention hashtag"" rel=""nofollow noopener"" target=""_blank"">#<span>University</span></a> of <a href=""https://mastodon.online/tags/Fribourg"" class=""mention hashtag"" rel=""nofollow noopener"" target=""_blank"">#<span>Fribourg</span></a>, <a href=""https://mastodon.online/tags/Switzerland"" class=""mention hashtag"" rel=""nofollow noopener"" target=""_blank"">#<span>Switzerland</span></a>. I specialise on the representation of interactions, <a href=""https://mastodon.online/tags/Literature"" class=""mention hashtag"" rel=""nofollow noopener"" target=""_blank"">#<span>Literature</span></a> <a href=""https://mastodon.online/tags/Iconography"" class=""mention hashtag"" rel=""nofollow noopener"" target=""_blank"">#<span>Iconography</span></a> <a href=""https://mastodon.online/tags/Epigraphy"" class=""mention hashtag"" rel=""nofollow noopener"" target=""_blank"">#<span>Epigraphy</span></a> , between <a href=""https://mastodon.online/tags/Grandparents"" class=""mention hashtag"" rel=""nofollow noopener"" target=""_blank"">#<span>Grandparents</span></a> and <a href=""https://mastodon.online/tags/Grandchildren"" class=""mention hashtag"" rel=""nofollow noopener"" target=""_blank"">#<span>Grandchildren</span></a> in <a href=""https://mastodon.online/tags/ClassicalAthens"" class=""mention hashtag"" rel=""nofollow noopener"" target=""_blank"">#<span>ClassicalAthens</span></a> <a href=""https://mastodon.online/tags/ThreeGenerationsFamily"" class=""mention hashtag"" rel=""nofollow noopener"" target=""_blank"">#<span>ThreeGenerationsFamily</span></a> . I add more hashtags  <a href=""https://mastodon.online/tags/Classics"" class=""mention hashtag"" rel=""nofollow noopener"" target=""_blank"">#<span>Classics</span></a> <a href=""https://mastodon.online/tags/Greek"" class=""mention hashtag"" rel=""nofollow noopener"" target=""_blank"">#<span>Greek</span></a>  <a href=""https://mastodon.online/tags/AncientHistory"" class=""mention hashtag"" rel=""nofollow noopener"" target=""_blank"">#<span>AncientHistory</span></a>  <a href=""https://mastodon.online/tags/AncientGreece"" class=""mention hashtag"" rel=""nofollow noopener"" target=""_blank"">#<span>AncientGreece</span></a> <a href=""https://mastodon.online/tags/ClassicalAthens"" class=""mention hashtag"" rel=""nofollow noopener"" target=""_blank"">#<span>ClassicalAthens</span></a>  <a href=""https://mastodon.online/tags/ClassicalIconography"" class=""mention hashtag"" rel=""nofollow noopener"" target=""_blank"">#<span>ClassicalIconography</span></a> <a href=""https://mastodon.online/tags/ClassicalArchaeology"" class=""mention hashtag"" rel=""nofollow noopener"" target=""_blank"">#<span>ClassicalArchaeology</span></a>  <a href=""https://mastodon.online/tags/AncientHistory"" class=""mention hashtag"" rel=""nofollow noopener"" target=""_blank"">#<span>AncientHistory</span></a> <a href=""https://mastodon.online/tags/ClassicalCivilisation"" class=""mention hashtag"" rel=""nofollow noopener"" target=""_blank"">#<span>ClassicalCivilisation</span></a>  <a href=""https://mastodon.online/tags/fedi22"" class=""mention hashtag"" rel=""nofollow noopener"" target=""_blank"">#<span>fedi22</span></a>  <a href=""https://mastodon.online/tags/academia"" class=""mention hashtag"" rel=""nofollow noopener"" target=""_blank"">#<span>academia</span></a> <a href=""https://mastodon.online/tags/PhD"" class=""mention hashtag"" rel=""nofollow noopener"" target=""_blank"">#<span>PhD</span></a> <a href=""https://mastodon.online/tags/histodons"" class=""mention hashtag"" rel=""nofollow noopener"" target=""_blank"">#<span>histodons</span></a>  <a href=""https://mastodon.online/tags/antiquidons"" class=""mention hashtag"" rel=""nofollow noopener"" target=""_blank"">#<span>antiquidons</span></a> <a href=""https://mastodon.online/tags/gerodons"" class=""mention hashtag"" rel=""nofollow noopener"" target=""_blank"">#<span>gerodons</span></a>  <a href=""https://mastodon.online/tags/classicist"" class=""mention hashtag"" rel=""nofollow noopener"" target=""_blank"">#<span>classicist</span></a>  <a href=""https://mastodon.online/tags/Searchable"" class=""mention hashtag"" rel=""nofollow noopener"" target=""_blank"">#<span>Searchable</span></a></p>",https://mastodon.online/@silvanad,https://files.mastodon.social/cache/accounts/avatars/109/311/674/192/005/074/original/9ebb114044daec90.png,https://files.mastodon.social/cache/accounts/avatars/109/311/674/192/005/074/original/9ebb114044daec90.png,https://mastodon.social/headers/original/missing.png,https://mastodon.social/headers/original/missing.png,97,657,7,NA,list(),list()
107332360502594845,rakoo,rakoo@blah.rako.space,rakoo,FALSE,FALSE,FALSE,FALSE,2021-11-24T00:00:00Z,"Francilien de naissance, Azur√©en d'adoption, Lig√©rien de c≈ìur.<br><br>A Gauche de la Gauche. Toutes les inepties de ce syst√®me remontent au Capitalisme.<br><br>Aime la technologie, n'aime pas le progr√®s.",https://blah.rako.space/users/rakoo,https://files.mastodon.social/cache/accounts/avatars/107/332/360/502/594/845/original/cf0519ea3029c4be.png,https://files.mastodon.social/cache/accounts/avatars/107/332/360/502/594/845/original/cf0519ea3029c4be.png,https://files.mastodon.social/cache/accounts/headers/107/332/360/502/594/845/original/3ea0bf5f5d68ac38.jpg,https://files.mastodon.social/cache/accounts/headers/107/332/360/502/594/845/original/3ea0bf5f5d68ac38.jpg,111,526,6743,NA,"list(name = c(""[m]atrix"", ""XMPP/email/Œ¥-chat"", ""Pronoms""), value = c(""@m:rako.space"", ""m@rako.space"", ""il/lui""))",list()
109273171610076344,MarCandea,MarCandea@mastodon.zaclys.com,Maria Candea,FALSE,FALSE,TRUE,FALSE,2022-11-01T00:00:00Z,"<p><a href=""https://mastodon.zaclys.com/tags/linguistique"" class=""mention hashtag"" rel=""nofollow noopener"" target=""_blank"">#<span>linguistique</span></a>, sociolinguistique, sociophon√©tique, genre, recherche action, <a href=""https://mastodon.zaclys.com/tags/popularisation"" class=""mention hashtag"" rel=""nofollow noopener"" target=""_blank"">#<span>popularisation</span></a> de la recherche<br>Pr Dr <a href=""https://mastodon.zaclys.com/tags/teamESR"" class=""mention hashtag"" rel=""nofollow noopener"" target=""_blank"">#<span>teamESR</span></a><br>p√©dagogie num√©rique</p><p>Membre fondatrice des Linguistes atterr√©es</p><p>***</p><p><a href=""https://mastodon.zaclys.com/tags/gauche"" class=""mention hashtag"" rel=""nofollow noopener"" target=""_blank"">#<span>gauche</span></a></p><p> ¬Ø\_(„ÉÑ)_/¬Ø</p>",https://mastodon.zaclys.com/@MarCandea,https://files.mastodon.social/cache/accounts/avatars/109/273/171/610/076/344/original/aeea8ce969b22985.jpg,https://files.mastodon.social/cache/accounts/avatars/109/273/171/610/076/344/original/aeea8ce969b22985.jpg,https://files.mastodon.social/cache/accounts/headers/109/273/171/610/076/344/original/3874e916ea38f3fe.jpg,https://files.mastodon.social/cache/accounts/headers/109/273/171/610/076/344/original/3874e916ea38f3fe.jpg,2363,358,2415,NA,"list(name = c(""Langues"", ""Page pro ‚úîÔ∏è"", ""Comit√©s r√©dac""), value = c(""FR/RO/EN/PT/IT/DE"", ""<a href=\""http://www.univ-paris3.fr/mme-candea-maria-29447.kjsp\"" rel=\""nofollow noopener\"" translate=\""no\"" target=\""_blank\""><span class=\""invisible\"">http://www.</span><span class=\""ellipsis\"">univ-paris3.fr/mme-candea-mari</span><span class=\""invisible\"">a-29447.kjsp</span></a>"", ""Revue \""GLAD!\"" genre, langage, sexualit√©s, et revue \""Langage et soci√©t√©""))",list()
107560118220270926,awinkler,awinkler@openbiblio.social,Alexander Winkler,FALSE,FALSE,TRUE,FALSE,2020-12-30T00:00:00Z,"<p>Neo-Latin, DH, librarianship, <a href=""https://openbiblio.social/tags/openGLAM"" class=""mention hashtag"" rel=""nofollow noopener"" target=""_blank"">#<span>openGLAM</span></a>, and digital cultural heritage <span class=""h-card"" translate=""no""><a href=""https://openbiblio.social/@digiSberlin"" class=""u-url mention"" rel=""nofollow noopener"" target=""_blank"">@<span>digiSberlin</span></a></span></p><p><a href=""https://openbiblio.social/tags/tootfinder"" class=""mention hashtag"" rel=""nofollow noopener"" target=""_blank"">#<span>tootfinder</span></a></p>",https://openbiblio.social/@awinkler,https://files.mastodon.social/cache/accounts/avatars/107/560/118/220/270/926/original/20ec61bfe530ccc0.png,https://files.mastodon.social/cache/accounts/avatars/107/560/118/220/270/926/original/20ec61bfe530ccc0.png,https://files.mastodon.social/cache/accounts/headers/107/560/118/220/270/926/original/87e24139e423b904.png,https://files.mastodon.social/cache/accounts/headers/107/560/118/220/270/926/original/87e24139e423b904.png,891,1701,3905,NA,"list(name = c(""ORCID"", ""Github"", ""Wikidata""), value = c(""<a href=\""https://orcid.org/0000-0002-9145-7238\"" rel=\""nofollow noopener\"" translate=\""no\"" target=\""_blank\""><span class=\""invisible\"">https://</span><span class=\""\"">orcid.org/0000-0002-9145-7238</span><span class=\""invisible\""></span></a>"", ""alexander-winkler"", ""<a href=\""https://www.wikidata.org/wiki/User:Awinkler3\"" rel=\""nofollow noopener\"" translate=\""no\"" target=\""_blank\""><span class=\""invisible\"">https://www.</span><span class=\""ellipsis\"">wikidata.org/wiki/User:Awinkle</span><span class=\""invisible\"">r3</span></a>""
))",list()
110802789727908809,ameimse,ameimse@sciences.re,Ameimse,FALSE,FALSE,TRUE,FALSE,2023-07-30T00:00:00Z,"<p>Enseignante-chercheuse. √âgar√©e dans une universit√©.<br>Entre Droit, Histoire et Litt√©ratures de l'imaginaire.<br>Ligne √©ditoriale : des lectures, de l'√©criture, de l'enseignement, un peu de recherche, des paysages, et un chat envahissant.</p><p><a href=""https://social.sciences.re/tags/ESR"" class=""mention hashtag"" rel=""nofollow noopener"" target=""_blank"">#<span>ESR</span></a> <a href=""https://social.sciences.re/tags/Droit"" class=""mention hashtag"" rel=""nofollow noopener"" target=""_blank"">#<span>Droit</span></a> <a href=""https://social.sciences.re/tags/AcademicMom"" class=""mention hashtag"" rel=""nofollow noopener"" target=""_blank"">#<span>AcademicMom</span></a> <a href=""https://social.sciences.re/tags/SFFF"" class=""mention hashtag"" rel=""nofollow noopener"" target=""_blank"">#<span>SFFF</span></a></p><p>PP : Une photo de face de Daria Morgendorffer.<br>Image d'en-t√™te : Une photo d'un village de la montagne ard√©choise, avec des fleurs roses au premier plan et des √©oliennes qui se d√©tachent dans le ciel bleu.</p>",https://social.sciences.re/@ameimse,https://files.mastodon.social/cache/accounts/avatars/110/802/789/727/908/809/original/6cfb20ccb54e003b.jpg,https://files.mastodon.social/cache/accounts/avatars/110/802/789/727/908/809/original/6cfb20ccb54e003b.jpg,https://files.mastodon.social/cache/accounts/headers/110/802/789/727/908/809/original/22d3e6051fa14b06.jpg,https://files.mastodon.social/cache/accounts/headers/110/802/789/727/908/809/original/22d3e6051fa14b06.jpg,462,901,798,NA,"list(name = ""Lectures"", value = ""<a href=\""https://bw.heraut.eu/user/ameimse\"" rel=\""nofollow noopener\"" translate=\""no\"" target=\""_blank\""><span class=\""invisible\"">https://</span><span class=\""\"">bw.heraut.eu/user/ameimse</span><span class=\""invisible\""></span></a>"")",list()
109299637149935853,LMarieOrleach,LMarieOrleach@ecoevo.social,Lucas Marie-Orleach,FALSE,FALSE,TRUE,FALSE,2022-11-06T00:00:00Z,"<p>Evolutionary Biologist‚Ä®<br>Lecturer/Ma√Ætre de conf√©rences‚Ä®<br>Institut de Recherche sur le Biologie de l‚ÄôInsecte, Universit√© de Tours, France.</p>",https://ecoevo.social/@LMarieOrleach,https://files.mastodon.social/cache/accounts/avatars/109/299/637/149/935/853/original/1e52839b8f1e51db.png,https://files.mastodon.social/cache/accounts/avatars/109/299/637/149/935/853/original/1e52839b8f1e51db.png,https://files.mastodon.social/cache/accounts/headers/109/299/637/149/935/853/original/c0400006ce03e104.jpg,https://files.mastodon.social/cache/accounts/headers/109/299/637/149/935/853/original/c0400006ce03e104.jpg,127,302,112,NA,"list(name = ""Website"", value = ""<a href=\""https://lmarie-orleach.github.io/\"" target=\""_blank\"" rel=\""nofollow noopener\"" translate=\""no\""><span class=\""invisible\"">https://</span><span class=\""\"">lmarie-orleach.github.io/</span><span class=\""invisible\""></span></a>"", verified_at = ""2024-09-02T13:52:55.427+00:00"")",list()
109999792761445556,EASE,EASE@mstdn.science,EASE,FALSE,FALSE,TRUE,FALSE,2023-03-10T00:00:00Z,"<p>The European Association of Science Editors (EASE) is a global association for every form of editing and editorial role. We aim to improve global standards and quality of science editing, promote the value of science editors, and support professional development, research, and collaboration.</p>",https://mstdn.science/@EASE,https://files.mastodon.social/cache/accounts/avatars/109/999/792/761/445/556/original/e4dff79ebe22dea2.jpg,https://files.mastodon.social/cache/accounts/avatars/109/999/792/761/445/556/original/e4dff79ebe22dea2.jpg,https://files.mastodon.social/cache/accounts/headers/109/999/792/761/445/556/original/4dbb8d239d0d7dec.png,https://files.mastodon.social/cache/accounts/headers/109/999/792/761/445/556/original/4dbb8d239d0d7dec.png,211,607,343,NA,"list(name = c(""Website"", ""Facebook"", ""LinkedIn"", ""Bluesky""), value = c(""<a href=\""https://ease.org.uk\"" rel=\""nofollow noopener\"" translate=\""no\"" target=\""_blank\""><span class=\""invisible\"">https://</span><span class=\""\"">ease.org.uk</span><span class=\""invisible\""></span></a>"", ""<a href=\""https://www.facebook.com/EASEeditors/\"" rel=\""nofollow noopener\"" translate=\""no\"" target=\""_blank\""><span class=\""invisible\"">https://www.</span><span class=\""\"">facebook.com/EASEeditors/</span><span class=\""invisible\""></span></a>"", 
""<a href=\""https://linkedin.com/company/easeeditors\"" rel=\""nofollow noopener\"" translate=\""no\"" target=\""_blank\""><span class=\""invisible\"">https://</span><span class=\""ellipsis\"">linkedin.com/company/easeedito</span><span class=\""invisible\"">rs</span></a>"", ""<a href=\""https://bsky.app/profile/easeeditors.bsky.social\"" rel=\""nofollow noopener\"" translate=\""no\"" target=\""_blank\""><span class=\""invisible\"">https://</span><span class=\""ellipsis\"">bsky.app/profile/easeeditors.b</span><span class=\""invisible\"">sky.social</span></a>""
))",list()
